方案,航向角_deg,速度_mps,投放时刻_s,起爆延迟_s,起爆时刻_s,有效时长_s
Q1 固定,180.0,120.0,1.5,3.6,5.1,1.3622014999389869
Q2 冻结求解,179.43654517246082,130.08336768519578,2.838973088474825,4.978182512298204,7.817155600773029,2.2381643772125575
