无人机,航向角_deg,速度_mps,单弹有效区间,单弹时长_s,新增并集贡献_s
FY1,179.43654517246082,130.08336768519578,"[[7.817155600773029, 10.055319977985587]]",2.2381643772125575,2.2381643772125575
FY2,180.0,120.0,[],0,0
FY3,180.0,120.0,[],0,0
