parameter,estimate
Intercept,1.067247
R,-1.821404
G,0.995618
B,5.630987
