question_id,uav_id,bomb_id,missile_id,is_used,heading_deg,speed_mps,release_time_s,delay_s,detonation_time_s,release_x_m,release_y_m,release_z_m,detonation_x_m,detonation_y_m,detonation_z_m,effective_duration_s,occlusion_intervals,result_status
Q3,FY1,1,M1,1,179.43654517246082,130.08336768519578,2.838973088474825,4.978182512298204,7.817155600773029,17430.714677459066,3.631721349123526,1800.0,16783.16724483817,9.999999999999895,1678.5667244838169,2.238164138793973,"[[7.817155600773029, 10.055319739567002]]",candidate
Q3,FY1,2,M1,1,179.43654517246082,130.08336768519578,3.838973088474825,4.978182512298204,8.81715560077303,17300.637599927017,4.910959029771843,1800.0,16653.09016730612,11.279237680648212,1678.5667244838169,0,[],candidate
Q3,FY1,3,M1,1,179.43654517246082,130.08336768519578,4.838973088474825,4.978182512298204,9.81715560077303,17170.56052239497,6.19019671042016,1800.0,16523.013089774075,12.55847536129653,1678.5667244838169,0,[],candidate
